action,cliente_id,numero_contrato,servico_contratado_id
created_contract,3581,3974,3974
created_contract,3582,3975,3975
created_contract,3583,3976,3976
created_contract,3584,3977,3977
created_contract,3585,3978,3978
created_contract,3586,3979,3979
created_contract,3587,3980,3980
created_contract,3588,3981,3981
created_contract,3589,3982,3982
created_contract,3590,3983,3983
created_contract,3591,3984,3984
created_contract,3592,3985,3985
created_contract,3593,3986,3986
created_contract,3594,3987,3987
created_contract,3595,3988,3988
created_contract,3596,3989,3989
created_contract,3597,3990,3990
created_contract,3598,3991,3991
created_contract,3599,3992,3992
created_contract,3600,3993,3993
created_contract,3601,3994,3994
created_contract,3602,3995,3995
created_contract,3603,3996,3996
created_contract,3604,3997,3997
created_contract,3605,3998,3998
created_contract,3606,3999,3999
created_contract,3607,4000,4000
created_contract,3608,4001,4001
created_contract,3609,4002,4002
created_contract,3610,4003,4003
created_contract,3611,4004,4004
created_contract,3612,4005,4005
created_contract,3613,4006,4006
created_contract,3614,4007,4007
created_contract,3615,4008,4008
created_contract,3616,4009,4009
created_contract,3617,4010,4010
created_contract,3618,4011,4011
created_contract,3619,4012,4012
created_contract,3620,4013,4013
created_contract,3621,4014,4014
created_contract,3622,4015,4015
created_contract,3623,4016,4016
created_contract,3624,4017,4017
created_contract,3625,4018,4018
created_contract,3626,4019,4019
created_contract,3627,4020,4020
created_contract,3628,4021,4021
created_contract,3629,4022,4022
created_contract,3630,4023,4023
created_contract,3631,4024,4024
created_contract,3632,4025,4025
created_contract,3633,4026,4026
created_contract,3634,4027,4027
created_contract,3635,4028,4028
created_contract,3636,4029,4029
created_contract,3637,4030,4030
created_contract,3638,4031,4031
created_contract,3639,4032,4032
created_contract,3640,4033,4033
created_contract,3641,4034,4034
created_contract,3642,4035,4035
created_contract,3643,4036,4036
created_contract,3644,4037,4037
created_contract,3645,4038,4038
created_contract,3646,4039,4039
created_contract,3647,4040,4040
created_contract,3648,4041,4041
created_contract,3649,4042,4042
created_contract,3650,4043,4043
created_contract,3651,4044,4044
created_contract,3652,4045,4045
created_contract,3653,4046,4046
created_contract,3654,4047,4047
created_contract,3655,4048,4048
created_contract,3656,4049,4049
created_contract,3657,4050,4050
created_contract,3658,4051,4051
created_contract,3659,4052,4052
created_contract,3660,4053,4053
created_contract,3661,4054,4054
created_contract,3662,4055,4055
created_contract,3663,4056,4056
skipped_existing_contract,3664,,
created_contract,3665,4057,4057
created_contract,3666,4058,4058
created_contract,3667,4059,4059
created_contract,3668,4060,4060
created_contract,3669,4061,4061
created_contract,3670,4062,4062
created_contract,3671,4063,4063
created_contract,3672,4064,4064
created_contract,3673,4065,4065
created_contract,3674,4066,4066
created_contract,3675,4067,4067
created_contract,3676,4068,4068
created_contract,3677,4069,4069
created_contract,3678,4070,4070
created_contract,3679,4071,4071
created_contract,3680,4072,4072
created_contract,3681,4073,4073
created_contract,3682,4074,4074
created_contract,3683,4075,4075
created_contract,3684,4076,4076
created_contract,3685,4077,4077
created_contract,3686,4078,4078
created_contract,3687,4079,4079
created_contract,3688,4080,4080
created_contract,3689,4081,4081
created_contract,3690,4082,4082
created_contract,3691,4083,4083
created_contract,3692,4084,4084
created_contract,3693,4085,4085
created_contract,3694,4086,4086
created_contract,3695,4087,4087
created_contract,3696,4088,4088
created_contract,3697,4089,4089
created_contract,3698,4090,4090
created_contract,3699,4091,4091
created_contract,3700,4092,4092
created_contract,3701,4093,4093
created_contract,3702,4094,4094
created_contract,3703,4095,4095
created_contract,3704,4096,4096
created_contract,3705,4097,4097
created_contract,3706,4098,4098
created_contract,3707,4099,4099
created_contract,3708,4100,4100
created_contract,3709,4101,4101
created_contract,3710,4102,4102
created_contract,3711,4103,4103
created_contract,3712,4104,4104
created_contract,3713,4105,4105
created_contract,3714,4106,4106
created_contract,3715,4107,4107
created_contract,3716,4108,4108
created_contract,3717,4109,4109
created_contract,3718,4110,4110
created_contract,3719,4111,4111
created_contract,3720,4112,4112
created_contract,3721,4113,4113
created_contract,3722,4114,4114
created_contract,3723,4115,4115
created_contract,3724,4116,4116
created_contract,3725,4117,4117
created_contract,3726,4118,4118
created_contract,3727,4119,4119
created_contract,3728,4120,4120
created_contract,3729,4121,4121
created_contract,3730,4122,4122
created_contract,3731,4123,4123
created_contract,3732,4124,4124
created_contract,3733,4125,4125
created_contract,3734,4126,4126
created_contract,3735,4127,4127
created_contract,3736,4128,4128
created_contract,3737,4129,4129
created_contract,3738,4130,4130
created_contract,3739,4131,4131
created_contract,3740,4132,4132
created_contract,3741,4133,4133
created_contract,3742,4134,4134
created_contract,3743,4135,4135
created_contract,3744,4136,4136
created_contract,3745,4137,4137
created_contract,3746,4138,4138
created_contract,3747,4139,4139
created_contract,3748,4140,4140
created_contract,3749,4141,4141
created_contract,3750,4142,4142
created_contract,3751,4143,4143
created_contract,3752,4144,4144
created_contract,3753,4145,4145
created_contract,3754,4146,4146
created_contract,3755,4147,4147
created_contract,3756,4148,4148
created_contract,3757,4149,4149
created_contract,3758,4150,4150
created_contract,3759,4151,4151
created_contract,3760,4152,4152
created_contract,3761,4153,4153
created_contract,3762,4154,4154
created_contract,3763,4155,4155
created_contract,3764,4156,4156
created_contract,3765,4157,4157
created_contract,3766,4158,4158
created_contract,3767,4159,4159
created_contract,3768,4160,4160
created_contract,3769,4161,4161
created_contract,3770,4162,4162
created_contract,3771,4163,4163
created_contract,3772,4164,4164
created_contract,3773,4165,4165
created_contract,3774,4166,4166
created_contract,3775,4167,4167
created_contract,3776,4168,4168
created_contract,3777,4169,4169
created_contract,3778,4170,4170
created_contract,3779,4171,4171
created_contract,3780,4172,4172
created_contract,3781,4173,4173
created_contract,3782,4174,4174
created_contract,3783,4175,4175
created_contract,3784,4176,4176
created_contract,3785,4177,4177
created_contract,3786,4178,4178
created_contract,3787,4179,4179
created_contract,3788,4180,4180
created_contract,3789,4181,4181
created_contract,3790,4182,4182
created_contract,3791,4183,4183
created_contract,3792,4184,4184
created_contract,3793,4185,4185
created_contract,3794,4186,4186
created_contract,3795,4187,4187
created_contract,3796,4188,4188
created_contract,3797,4189,4189
created_contract,3798,4190,4190
created_contract,3799,4191,4191
created_contract,3800,4192,4192
created_contract,3801,4193,4193
created_contract,3802,4194,4194
created_contract,3803,4195,4195
created_contract,3804,4196,4196
created_contract,3805,4197,4197
created_contract,3806,4198,4198
created_contract,3807,4199,4199
created_contract,3808,4200,4200
created_contract,3809,4201,4201
created_contract,3810,4202,4202
created_contract,3811,4203,4203
created_contract,3812,4204,4204
created_contract,3813,4205,4205
created_contract,3814,4206,4206
created_contract,3815,4207,4207
created_contract,3816,4208,4208
created_contract,3817,4209,4209
created_contract,3818,4210,4210
created_contract,3819,4211,4211
created_contract,3820,4212,4212
created_contract,3821,4213,4213
created_contract,3822,4214,4214
created_contract,3823,4215,4215
created_contract,3824,4216,4216
created_contract,3825,4217,4217
created_contract,3826,4218,4218
created_contract,3827,4219,4219
created_contract,3828,4220,4220
created_contract,3829,4221,4221
created_contract,3830,4222,4222
created_contract,3831,4223,4223
created_contract,3832,4224,4224
created_contract,3833,4225,4225
created_contract,3834,4226,4226
created_contract,3835,4227,4227
created_contract,3836,4228,4228
created_contract,3837,4229,4229
created_contract,3838,4230,4230
created_contract,3839,4231,4231
created_contract,3840,4232,4232
created_contract,3841,4233,4233
created_contract,3842,4234,4234
created_contract,3843,4235,4235
created_contract,3844,4236,4236
created_contract,3845,4237,4237
created_contract,3846,4238,4238
created_contract,3847,4239,4239
created_contract,3848,4240,4240
created_contract,3849,4241,4241
created_contract,3850,4242,4242
created_contract,3851,4243,4243
created_contract,3852,4244,4244
created_contract,3853,4245,4245
created_contract,3854,4246,4246
created_contract,3855,4247,4247
created_contract,3856,4248,4248
created_contract,3857,4249,4249
created_contract,3858,4250,4250
created_contract,3859,4251,4251
created_contract,3860,4252,4252
created_contract,3861,4253,4253
created_contract,3862,4254,4254
created_contract,3863,4255,4255
created_contract,3864,4256,4256
created_contract,3865,4257,4257
created_contract,3866,4258,4258
created_contract,3867,4259,4259
created_contract,3868,4260,4260
created_contract,3869,4261,4261
created_contract,3870,4262,4262
created_contract,3871,4263,4263
created_contract,3872,4264,4264
created_contract,3873,4265,4265
created_contract,3874,4266,4266
created_contract,3875,4267,4267
created_contract,3876,4268,4268
created_contract,3877,4269,4269
created_contract,3878,4270,4270
created_contract,3879,4271,4271
created_contract,3880,4272,4272
created_contract,3881,4273,4273
created_contract,37,4274,4274
created_contract,3882,4275,4275
created_contract,3883,4276,4276
created_contract,3884,4277,4277
created_contract,3885,4278,4278
created_contract,3886,4279,4279
created_contract,3887,4280,4280
created_contract,3888,4281,4281
created_contract,3889,4282,4282
created_contract,3890,4283,4283
created_contract,3891,4284,4284
created_contract,3892,4285,4285
created_contract,3893,4286,4286
created_contract,3894,4287,4287
created_contract,3895,4288,4288
created_contract,3896,4289,4289
created_contract,3897,4290,4290
created_contract,3898,4291,4291
created_contract,3899,4292,4292
created_contract,3900,4293,4293
created_contract,3901,4294,4294
created_contract,3902,4295,4295
created_contract,3903,4296,4296
created_contract,3904,4297,4297
created_contract,3905,4298,4298
created_contract,3906,4299,4299
created_contract,3907,4300,4300
created_contract,3908,4301,4301
created_contract,3909,4302,4302
created_contract,3910,4303,4303
created_contract,3911,4304,4304
created_contract,3912,4305,4305
created_contract,3913,4306,4306
created_contract,3914,4307,4307
created_contract,3915,4308,4308
created_contract,3916,4309,4309
created_contract,3917,4310,4310
created_contract,3918,4311,4311
created_contract,3919,4312,4312
created_contract,3920,4313,4313
created_contract,3921,4314,4314
created_contract,3922,4315,4315
created_contract,3923,4316,4316
created_contract,3924,4317,4317
created_contract,3925,4318,4318
created_contract,3926,4319,4319
created_contract,3927,4320,4320
created_contract,3928,4321,4321
created_contract,3929,4322,4322
created_contract,3930,4323,4323
created_contract,3931,4324,4324
created_contract,3932,4325,4325
created_contract,3933,4326,4326
created_contract,3934,4327,4327
created_contract,3935,4328,4328
created_contract,3936,4329,4329
created_contract,3937,4330,4330
created_contract,3938,4331,4331
created_contract,3939,4332,4332
created_contract,3940,4333,4333
created_contract,3941,4334,4334
created_contract,3942,4335,4335
created_contract,3943,4336,4336
created_contract,3944,4337,4337
created_contract,3945,4338,4338
created_contract,3946,4339,4339
created_contract,3947,4340,4340
created_contract,3948,4341,4341
created_contract,3949,4342,4342
created_contract,3950,4343,4343
created_contract,3951,4344,4344
created_contract,3952,4345,4345
created_contract,3953,4346,4346
created_contract,3954,4347,4347
created_contract,3955,4348,4348
created_contract,3956,4349,4349
created_contract,3957,4350,4350
created_contract,3958,4351,4351
created_contract,3959,4352,4352
created_contract,3960,4353,4353
created_contract,3961,4354,4354
created_contract,3962,4355,4355
created_contract,3963,4356,4356
created_contract,3964,4357,4357
created_contract,3965,4358,4358
created_contract,3966,4359,4359
created_contract,3967,4360,4360
created_contract,3968,4361,4361
created_contract,3969,4362,4362
created_contract,3970,4363,4363
created_contract,3971,4364,4364
created_contract,3972,4365,4365
created_contract,3973,4366,4366
created_contract,3974,4367,4367
created_contract,3975,4368,4368
created_contract,3976,4369,4369
created_contract,3977,4370,4370
created_contract,3978,4371,4371
created_contract,3979,4372,4372
created_contract,3980,4373,4373
created_contract,3981,4374,4374
created_contract,3982,4375,4375
created_contract,3983,4376,4376
created_contract,3984,4377,4377
created_contract,3985,4378,4378
created_contract,3986,4379,4379
created_contract,3987,4380,4380
created_contract,3988,4381,4381
created_contract,3989,4382,4382
created_contract,3990,4383,4383
created_contract,3991,4384,4384
created_contract,3992,4385,4385
created_contract,3993,4386,4386
created_contract,3994,4387,4387
created_contract,3995,4388,4388
created_contract,3996,4389,4389
created_contract,3997,4390,4390
created_contract,3998,4391,4391
created_contract,3999,4392,4392
created_contract,4000,4393,4393
created_contract,4001,4394,4394
created_contract,4002,4395,4395
created_contract,4003,4396,4396
created_contract,4004,4397,4397
created_contract,4005,4398,4398
created_contract,4006,4399,4399
created_contract,4007,4400,4400
created_contract,4008,4401,4401
created_contract,4009,4402,4402
created_contract,4010,4403,4403
created_contract,4011,4404,4404
created_contract,4012,4405,4405
created_contract,4013,4406,4406
created_contract,4014,4407,4407
created_contract,4015,4408,4408
created_contract,4016,4409,4409
created_contract,4017,4410,4410
created_contract,4018,4411,4411
created_contract,4019,4412,4412
created_contract,4020,4413,4413
created_contract,4021,4414,4414
created_contract,4022,4415,4415
created_contract,4023,4416,4416
created_contract,4024,4417,4417
created_contract,4025,4418,4418
created_contract,4026,4419,4419
created_contract,4027,4420,4420
created_contract,4028,4421,4421
created_contract,4029,4422,4422
created_contract,4030,4423,4423
created_contract,4031,4424,4424
created_contract,4032,4425,4425
created_contract,4033,4426,4426
created_contract,4034,4427,4427
created_contract,4035,4428,4428
created_contract,4036,4429,4429
created_contract,4037,4430,4430
created_contract,4038,4431,4431
created_contract,4039,4432,4432
created_contract,4040,4433,4433
created_contract,4041,4434,4434
created_contract,4042,4435,4435
created_contract,4043,4436,4436
created_contract,4044,4437,4437
created_contract,4045,4438,4438
created_contract,4046,4439,4439
created_contract,4047,4440,4440
created_contract,4048,4441,4441
created_contract,4049,4442,4442
created_contract,4050,4443,4443
created_contract,4051,4444,4444
created_contract,4052,4445,4445
created_contract,4053,4446,4446
created_contract,4054,4447,4447
created_contract,4055,4448,4448
created_contract,4056,4449,4449
created_contract,4057,4450,4450
created_contract,4058,4451,4451
created_contract,4059,4452,4452
created_contract,4060,4453,4453
created_contract,4061,4454,4454
created_contract,4062,4455,4455
created_contract,4063,4456,4456
created_contract,4064,4457,4457
created_contract,4065,4458,4458
created_contract,4066,4459,4459
created_contract,4067,4460,4460
created_contract,4068,4461,4461
created_contract,4069,4462,4462
created_contract,4070,4463,4463
created_contract,4071,4464,4464
created_contract,4072,4465,4465
created_contract,4073,4466,4466
created_contract,4074,4467,4467
created_contract,4075,4468,4468
created_contract,4076,4469,4469
created_contract,4077,4470,4470
created_contract,4078,4471,4471
created_contract,4079,4472,4472
created_contract,4080,4473,4473
created_contract,4081,4474,4474
created_contract,4082,4475,4475
created_contract,4083,4476,4476
created_contract,4084,4477,4477
created_contract,4085,4478,4478
created_contract,4086,4479,4479
created_contract,4087,4480,4480
created_contract,4088,4481,4481
created_contract,4089,4482,4482
created_contract,4090,4483,4483
created_contract,4091,4484,4484
created_contract,4092,4485,4485
created_contract,4093,4486,4486
created_contract,4094,4487,4487
created_contract,4095,4488,4488
created_contract,4096,4489,4489
created_contract,4097,4490,4490
created_contract,4098,4491,4491
created_contract,4099,4492,4492
created_contract,4100,4493,4493
created_contract,4101,4494,4494
created_contract,4102,4495,4495
created_contract,4103,4496,4496
created_contract,4104,4497,4497
created_contract,4105,4498,4498
created_contract,4106,4499,4499
created_contract,4107,4500,4500
created_contract,4108,4501,4501
created_contract,4109,4502,4502
created_contract,4110,4503,4503
created_contract,4111,4504,4504
created_contract,4112,4505,4505
created_contract,4113,4506,4506
created_contract,4114,4507,4507
created_contract,4115,4508,4508
created_contract,4116,4509,4509
created_contract,4117,4510,4510
created_contract,4118,4511,4511
created_contract,4119,4512,4512
created_contract,4120,4513,4513
created_contract,4121,4514,4514
created_contract,4122,4515,4515
created_contract,4123,4516,4516
created_contract,4124,4517,4517
created_contract,4125,4518,4518
created_contract,4126,4519,4519
created_contract,4127,4520,4520
created_contract,4128,4521,4521
created_contract,4129,4522,4522
created_contract,4130,4523,4523
created_contract,4131,4524,4524
created_contract,4132,4525,4525
created_contract,4133,4526,4526
created_contract,4134,4527,4527
created_contract,4135,4528,4528
created_contract,4136,4529,4529
created_contract,4137,4530,4530
created_contract,4138,4531,4531
created_contract,4139,4532,4532
created_contract,4140,4533,4533
created_contract,4141,4534,4534
created_contract,4142,4535,4535
created_contract,4143,4536,4536
created_contract,4144,4537,4537
created_contract,4145,4538,4538
created_contract,4146,4539,4539
created_contract,4147,4540,4540
created_contract,4148,4541,4541
created_contract,43,4542,4542
created_contract,4149,4543,4543
created_contract,4150,4544,4544
created_contract,4151,4545,4545
created_contract,4152,4546,4546
created_contract,4153,4547,4547
created_contract,4154,4548,4548
created_contract,4155,4549,4549
created_contract,4156,4550,4550
created_contract,4157,4551,4551
created_contract,4158,4552,4552
created_contract,4159,4553,4553
created_contract,4160,4554,4554
created_contract,4161,4555,4555
created_contract,4162,4556,4556
created_contract,4163,4557,4557
created_contract,4164,4558,4558
created_contract,4165,4559,4559
created_contract,4166,4560,4560
created_contract,4167,4561,4561
created_contract,4168,4562,4562
created_contract,4169,4563,4563
created_contract,4170,4564,4564
created_contract,4171,4565,4565
created_contract,4172,4566,4566
created_contract,4173,4567,4567
created_contract,4174,4568,4568
created_contract,4175,4569,4569
created_contract,4176,4570,4570
created_contract,4177,4571,4571
created_contract,4178,4572,4572
created_contract,4179,4573,4573
created_contract,4180,4574,4574
created_contract,4181,4575,4575
created_contract,4182,4576,4576
created_contract,4183,4577,4577
created_contract,4184,4578,4578
created_contract,4185,4579,4579
created_contract,4186,4580,4580
created_contract,4187,4581,4581
created_contract,4188,4582,4582
created_contract,4189,4583,4583
created_contract,4190,4584,4584
created_contract,4191,4585,4585
created_contract,4192,4586,4586
created_contract,4193,4587,4587
created_contract,4194,4588,4588
created_contract,4195,4589,4589
created_contract,4196,4590,4590
created_contract,4197,4591,4591
created_contract,4198,4592,4592
created_contract,4199,4593,4593
created_contract,4200,4594,4594
created_contract,4201,4595,4595
created_contract,4202,4596,4596
created_contract,4203,4597,4597
created_contract,4204,4598,4598
created_contract,4205,4599,4599
created_contract,4206,4600,4600
created_contract,4207,4601,4601
created_contract,4208,4602,4602
created_contract,4209,4603,4603
created_contract,4210,4604,4604
created_contract,4211,4605,4605
created_contract,4212,4606,4606
created_contract,4213,4607,4607
created_contract,4214,4608,4608
created_contract,4215,4609,4609
created_contract,4216,4610,4610
created_contract,4217,4611,4611
created_contract,4218,4612,4612
created_contract,4219,4613,4613
created_contract,4220,4614,4614
created_contract,4221,4615,4615
created_contract,4222,4616,4616
created_contract,4223,4617,4617
created_contract,4224,4618,4618
created_contract,4225,4619,4619
created_contract,4226,4620,4620
created_contract,4227,4621,4621
created_contract,4228,4622,4622
created_contract,4229,4623,4623
created_contract,4230,4624,4624
created_contract,4231,4625,4625
created_contract,4232,4626,4626
created_contract,4233,4627,4627
created_contract,4234,4628,4628
created_contract,4235,4629,4629
created_contract,4236,4630,4630
created_contract,4237,4631,4631
created_contract,4238,4632,4632
created_contract,4239,4633,4633
created_contract,4240,4634,4634
created_contract,4241,4635,4635
created_contract,4242,4636,4636
created_contract,4243,4637,4637
created_contract,4244,4638,4638
created_contract,4245,4639,4639
created_contract,4246,4640,4640
created_contract,4247,4641,4641
created_contract,4248,4642,4642
created_contract,4249,4643,4643
created_contract,4250,4644,4644
created_contract,4251,4645,4645
created_contract,4252,4646,4646
created_contract,4253,4647,4647
created_contract,4254,4648,4648
created_contract,4255,4649,4649
created_contract,4256,4650,4650
created_contract,4257,4651,4651
created_contract,4258,4652,4652
created_contract,4259,4653,4653
created_contract,4260,4654,4654
created_contract,4261,4655,4655
created_contract,4262,4656,4656
created_contract,4263,4657,4657
created_contract,4264,4658,4658
created_contract,4265,4659,4659
created_contract,4266,4660,4660
created_contract,4267,4661,4661
created_contract,4268,4662,4662
created_contract,4269,4663,4663
created_contract,4270,4664,4664
created_contract,4271,4665,4665
created_contract,4272,4666,4666
created_contract,4273,4667,4667
created_contract,4274,4668,4668
created_contract,19,4669,4669
created_contract,4275,4670,4670
created_contract,4276,4671,4671
created_contract,4277,4672,4672
created_contract,4278,4673,4673
created_contract,4279,4674,4674
created_contract,4280,4675,4675
created_contract,4281,4676,4676
created_contract,4282,4677,4677
created_contract,4283,4678,4678
created_contract,4284,4679,4679
created_contract,4285,4680,4680
created_contract,4286,4681,4681
created_contract,4287,4682,4682
created_contract,4288,4683,4683
created_contract,4289,4684,4684
created_contract,4290,4685,4685
created_contract,4291,4686,4686
created_contract,4292,4687,4687
created_contract,4293,4688,4688
created_contract,4294,4689,4689
created_contract,4295,4690,4690
created_contract,4296,4691,4691
created_contract,4297,4692,4692
created_contract,4298,4693,4693
created_contract,4299,4694,4694
created_contract,4300,4695,4695
created_contract,4301,4696,4696
created_contract,4302,4697,4697
created_contract,4303,4698,4698
created_contract,4304,4699,4699
created_contract,4305,4700,4700
created_contract,4306,4701,4701
created_contract,4307,4702,4702
created_contract,4308,4703,4703
created_contract,4309,4704,4704
created_contract,4310,4705,4705
created_contract,4311,4706,4706
created_contract,4312,4707,4707
created_contract,4313,4708,4708
created_contract,4314,4709,4709
created_contract,4315,4710,4710
created_contract,4316,4711,4711
created_contract,4317,4712,4712
created_contract,4318,4713,4713
created_contract,4319,4714,4714
created_contract,4320,4715,4715
created_contract,4321,4716,4716
created_contract,4322,4717,4717
created_contract,4323,4718,4718
created_contract,4324,4719,4719
created_contract,4325,4720,4720
created_contract,4326,4721,4721
created_contract,4327,4722,4722
created_contract,4328,4723,4723
created_contract,4329,4724,4724
created_contract,4330,4725,4725
created_contract,4331,4726,4726
created_contract,4332,4727,4727
created_contract,4333,4728,4728
created_contract,4334,4729,4729
created_contract,4335,4730,4730
created_contract,4336,4731,4731
created_contract,4337,4732,4732
created_contract,4338,4733,4733
created_contract,4339,4734,4734
created_contract,4340,4735,4735
created_contract,4341,4736,4736
created_contract,4342,4737,4737
created_contract,4343,4738,4738
created_contract,4344,4739,4739
created_contract,4345,4740,4740
created_contract,4346,4741,4741
created_contract,4347,4742,4742
created_contract,4348,4743,4743
created_contract,4349,4744,4744
created_contract,4350,4745,4745
created_contract,4351,4746,4746
created_contract,4352,4747,4747
created_contract,4353,4748,4748
created_contract,4354,4749,4749
created_contract,4355,4750,4750
created_contract,4356,4751,4751
created_contract,4357,4752,4752
created_contract,4358,4753,4753
created_contract,4359,4754,4754
created_contract,4360,4755,4755
created_contract,4361,4756,4756
created_contract,4362,4757,4757
created_contract,4363,4758,4758
created_contract,4364,4759,4759
created_contract,4365,4760,4760
created_contract,4366,4761,4761
created_contract,4367,4762,4762
created_contract,4368,4763,4763
created_contract,4369,4764,4764
created_contract,4370,4765,4765
created_contract,4371,4766,4766
created_contract,4372,4767,4767
created_contract,4373,4768,4768
created_contract,4374,4769,4769
created_contract,4375,4770,4770
created_contract,4376,4771,4771
created_contract,4377,4772,4772
created_contract,4378,4773,4773
created_contract,4379,4774,4774
created_contract,4380,4775,4775
created_contract,4381,4776,4776
created_contract,4382,4777,4777
created_contract,4383,4778,4778
created_contract,4384,4779,4779
created_contract,4385,4780,4780
created_contract,4386,4781,4781
created_contract,4387,4782,4782
created_contract,4388,4783,4783
created_contract,4389,4784,4784
created_contract,4390,4785,4785
created_contract,4391,4786,4786
created_contract,4392,4787,4787
created_contract,4393,4788,4788
created_contract,4394,4789,4789
created_contract,4395,4790,4790
created_contract,4396,4791,4791
created_contract,4397,4792,4792
created_contract,4398,4793,4793
created_contract,4399,4794,4794
created_contract,4400,4795,4795
created_contract,4401,4796,4796
created_contract,4402,4797,4797
created_contract,4403,4798,4798
created_contract,4404,4799,4799
created_contract,4405,4800,4800
created_contract,4406,4801,4801
created_contract,4407,4802,4802
created_contract,4408,4803,4803
created_contract,4409,4804,4804
created_contract,4410,4805,4805
created_contract,4411,4806,4806
created_contract,4412,4807,4807
created_contract,4413,4808,4808
created_contract,4414,4809,4809
created_contract,4415,4810,4810
created_contract,4416,4811,4811
created_contract,4417,4812,4812
created_contract,4418,4813,4813
created_contract,4419,4814,4814
created_contract,4420,4815,4815
created_contract,4421,4816,4816
created_contract,4422,4817,4817
created_contract,4423,4818,4818
created_contract,4424,4819,4819
created_contract,4425,4820,4820
created_contract,4426,4821,4821
created_contract,4427,4822,4822
created_contract,4428,4823,4823
created_contract,4429,4824,4824
created_contract,4430,4825,4825
created_contract,4431,4826,4826
created_contract,4432,4827,4827
created_contract,4433,4828,4828
created_contract,4434,4829,4829
created_contract,4435,4830,4830
created_contract,4436,4831,4831
created_contract,4437,4832,4832
created_contract,4438,4833,4833
created_contract,4439,4834,4834
created_contract,4440,4835,4835
created_contract,4441,4836,4836
created_contract,4442,4837,4837
created_contract,4443,4838,4838
created_contract,4444,4839,4839
created_contract,4445,4840,4840
created_contract,4446,4841,4841
created_contract,4447,4842,4842
created_contract,4448,4843,4843
created_contract,4449,4844,4844
created_contract,4450,4845,4845
created_contract,4451,4846,4846
created_contract,4452,4847,4847
created_contract,4453,4848,4848
created_contract,4454,4849,4849
created_contract,4455,4850,4850
created_contract,4456,4851,4851
created_contract,4457,4852,4852
created_contract,4458,4853,4853
created_contract,4459,4854,4854
created_contract,4460,4855,4855
created_contract,4461,4856,4856
created_contract,4462,4857,4857
created_contract,4463,4858,4858
created_contract,4464,4859,4859
created_contract,4465,4860,4860
created_contract,4466,4861,4861
created_contract,4467,4862,4862
created_contract,4468,4863,4863
created_contract,4469,4864,4864
created_contract,4470,4865,4865
created_contract,4471,4866,4866
created_contract,4472,4867,4867
created_contract,4473,4868,4868
created_contract,4474,4869,4869
created_contract,4475,4870,4870
created_contract,4476,4871,4871
created_contract,4477,4872,4872
created_contract,4478,4873,4873
created_contract,4479,4874,4874
created_contract,4480,4875,4875
created_contract,4481,4876,4876
created_contract,4482,4877,4877
created_contract,4483,4878,4878
created_contract,4484,4879,4879
created_contract,4485,4880,4880
created_contract,4486,4881,4881
created_contract,4487,4882,4882
created_contract,4488,4883,4883
created_contract,4489,4884,4884
created_contract,4490,4885,4885
created_contract,4491,4886,4886
created_contract,4492,4887,4887
created_contract,4493,4888,4888
created_contract,4494,4889,4889
created_contract,4495,4890,4890
created_contract,4496,4891,4891
created_contract,4497,4892,4892
created_contract,4498,4893,4893
created_contract,4499,4894,4894
created_contract,4500,4895,4895
created_contract,4501,4896,4896
created_contract,4502,4897,4897
created_contract,4503,4898,4898
created_contract,4504,4899,4899
created_contract,4505,4900,4900
created_contract,4506,4901,4901
created_contract,4507,4902,4902
created_contract,4508,4903,4903
created_contract,4509,4904,4904
created_contract,4510,4905,4905
created_contract,4511,4906,4906
created_contract,4512,4907,4907
created_contract,4513,4908,4908
created_contract,4514,4909,4909
created_contract,4515,4910,4910
created_contract,4516,4911,4911
created_contract,4517,4912,4912
created_contract,4518,4913,4913
created_contract,4519,4914,4914
created_contract,4520,4915,4915
created_contract,4521,4916,4916
created_contract,4522,4917,4917
created_contract,4523,4918,4918
created_contract,4524,4919,4919
created_contract,4525,4920,4920
created_contract,4526,4921,4921
created_contract,4527,4922,4922
created_contract,4528,4923,4923
created_contract,3103,4924,4924
created_contract,4529,4925,4925
created_contract,4530,4926,4926
